test_id,config,addr,symbols
53,clang-branch-baseline,0x202c20,func_51|main
53,clang-branch-thinlto,0x202c10,func_51|main
53,clang-branch-fulllto,0x202c00,func_51|main
420,clang-branch-baseline,0x202040,func_16|func_22
420,clang-branch-thinlto,0x202030,func_16|func_22
420,clang-branch-fulllto,0x202050,func_16|func_22
511,clang-branch-baseline,0x201f50,func_62|func_66
511,clang-branch-thinlto,0x201f50,func_62|func_66
511,clang-branch-fulllto,0x201f40,func_62|func_66
648,clang-branch-baseline,0x201cf0,func_34|func_48
648,clang-branch-thinlto,0x201cd0,func_34|func_48
648,clang-branch-fulllto,0x201cc0,func_34|func_48
668,clang-branch-baseline,0x202ab0,func_49|func_57
668,clang-branch-thinlto,0x202ab0,func_49|func_57
668,clang-branch-fulllto,0x202960,func_1|func_49
908,clang-branch-baseline,0x204b10,func_28|main
908,clang-branch-thinlto,0x204910,func_28|main
908,clang-branch-fulllto,0x204910,func_28|main
919,clang-branch-baseline,0x201b90,func_28|main
919,clang-branch-thinlto,0x201b90,func_28|main
919,clang-branch-fulllto,0x201b80,func_28|main
935,clang-branch-baseline,0x202f00,func_48|main
935,clang-branch-thinlto,0x202b30,func_48|main
935,clang-branch-fulllto,0x202b70,func_48|main
988,clang-branch-baseline,0x2019b0,func_13|func_20
988,clang-branch-thinlto,0x2019b0,func_13|func_20
988,clang-branch-fulllto,0x2019a0,func_13|func_20
1050,clang-branch-baseline,0x202080,func_23|func_30
1050,clang-branch-thinlto,0x202080,func_23|func_30
1050,clang-branch-fulllto,0x202070,func_23|func_30
1063,clang-branch-thinlto,0x202510,func_53|main
1063,clang-branch-fulllto,0x202340,func_53|func_6
1241,clang-branch-baseline,0x2038e0,func_38|func_42
1241,clang-branch-thinlto,0x2038f0,func_38|func_42
1241,clang-branch-fulllto,0x2039b0,func_38|func_42
1376,clang-branch-baseline,0x201c90,func_17|func_19
1376,clang-branch-thinlto,0x201c50,func_17|func_19
1376,clang-branch-fulllto,0x201c30,func_17|main
1411,clang-branch-thinlto,0x202520,func_53|func_71
1555,clang-branch-baseline,0x201f30,func_36|func_5
1555,clang-branch-thinlto,0x201ec0,func_36|func_5
1555,clang-branch-fulllto,0x202070,func_36|func_5
1657,clang-branch-baseline,0x201cb0,func_12|func_2
1657,clang-branch-thinlto,0x201c90,func_12|func_2
1657,clang-branch-fulllto,0x201ca0,func_2|func_33
1710,clang-branch-baseline,0x203690,func_1|func_4
1710,clang-branch-thinlto,0x2035f0,func_1|func_4
1710,clang-branch-fulllto,0x203610,func_1|func_4
1806,clang-branch-baseline,0x2023a0,func_24|main
1806,clang-branch-thinlto,0x202390,func_24|main
1806,clang-branch-fulllto,0x202380,func_24|main
1854,clang-branch-baseline,0x202010,func_23|main
1854,clang-branch-thinlto,0x202010,func_23|main
1854,clang-branch-fulllto,0x202000,func_23|main
1883,clang-branch-baseline,0x202350,func_14|main
1883,clang-branch-thinlto,0x202350,func_14|main
1883,clang-branch-fulllto,0x2022d0,func_14|func_3
2078,clang-branch-baseline,0x201bb0,func_18|func_31
2078,clang-branch-thinlto,0x201bb0,func_18|func_31
2078,clang-branch-fulllto,0x201d70,func_18|func_31
2197,clang-branch-baseline,0x2024f0,func_64|main
2197,clang-branch-thinlto,0x2024f0,func_64|main
2197,clang-branch-fulllto,0x2024e0,func_64|main
2209,clang-branch-baseline,0x201dd0,func_21|func_25
2209,clang-branch-thinlto,0x201dd0,func_21|func_25
2209,clang-branch-fulllto,0x201dd0,func_21|func_25
2308,clang-branch-baseline,0x201e20,func_14|func_16
2308,clang-branch-thinlto,0x201df0,func_14|func_16
2308,clang-branch-fulllto,0x201dc0,func_14|func_16
2361,clang-branch-baseline,0x202050,func_1|func_8
2361,clang-branch-thinlto,0x202050,func_1|func_8
2361,clang-branch-fulllto,0x202040,func_1|func_8
2364,clang-branch-baseline,0x201840,func_13|func_47
2364,clang-branch-thinlto,0x201840,func_13|func_47
2364,clang-branch-fulllto,0x201830,func_13|func_47
2407,clang-branch-baseline,0x202b00,func_1|func_4
2407,clang-branch-thinlto,0x2028d0,func_1|func_4
2407,clang-branch-fulllto,0x202950,func_1|func_4
2417,clang-branch-baseline,0x202ae0,func_47|func_54
2417,clang-branch-thinlto,0x2028b0,func_47|func_54
2417,clang-branch-fulllto,0x202900,func_47|func_81
2459,clang-branch-baseline,0x202110,func_45|main
2459,clang-branch-thinlto,0x202110,func_45|main
2459,clang-branch-fulllto,0x202110,func_45|main
2510,clang-branch-baseline,0x201e50,func_18|func_29
2510,clang-branch-thinlto,0x201de0,func_18|func_29
2510,clang-branch-fulllto,0x201dd0,func_18|func_29
2565,clang-branch-baseline,0x202690,func_38|main
2565,clang-branch-thinlto,0x202690,func_38|main
2565,clang-branch-fulllto,0x202680,func_38|main
2580,clang-branch-baseline,0x201c50,func_46|func_51
2580,clang-branch-thinlto,0x201d20,func_46|func_51
2580,clang-branch-fulllto,0x201bb0,func_46|func_5
2614,clang-branch-baseline,0x201ca0,func_18|func_23
2614,clang-branch-thinlto,0x201ee0,func_18|func_23
2614,clang-branch-fulllto,0x2020f0,func_18|main
2661,clang-branch-baseline,0x2025f0,func_6|func_9
2661,clang-branch-thinlto,0x2025f0,func_6|func_9
2661,clang-branch-fulllto,0x2025d0,func_1|func_6
2814,clang-branch-baseline,0x201cf0,func_20|func_5
2814,clang-branch-thinlto,0x201cf0,func_20|func_5
2814,clang-branch-fulllto,0x201b90,func_1|func_5
2850,clang-branch-baseline,0x202240,func_13|main
2850,clang-branch-thinlto,0x202240,func_13|main
2850,clang-branch-fulllto,0x202240,func_13|main
3088,clang-branch-baseline,0x2024b0,func_1|func_19
3088,clang-branch-thinlto,0x2024b0,func_1|func_19
3088,clang-branch-fulllto,0x2024b0,func_1|func_19
3152,clang-branch-baseline,0x2023f0,func_19|func_26
3152,clang-branch-thinlto,0x2023f0,func_19|func_26
3152,clang-branch-fulllto,0x202360,func_19|func_59
3251,clang-branch-baseline,0x201ab0,func_21|main
3251,clang-branch-thinlto,0x201ab0,func_21|main
3251,clang-branch-fulllto,0x201aa0,func_21|main
3321,clang-branch-baseline,0x202150,func_29|func_46
3321,clang-branch-thinlto,0x202140,func_29|func_46
3321,clang-branch-fulllto,0x202150,func_29|func_49
3430,clang-branch-baseline,0x201f70,func_32|main
3430,clang-branch-thinlto,0x201f30,func_32|main
3430,clang-branch-fulllto,0x201f40,func_32|main
3477,clang-branch-baseline,0x202910,func_43|main
3477,clang-branch-thinlto,0x202910,func_43|main
3477,clang-branch-fulllto,0x202900,func_43|main
3587,clang-branch-thinlto,0x2026d0,func_61|main
3590,clang-branch-baseline,0x2021e0,func_25|func_36
3590,clang-branch-thinlto,0x2021e0,func_25|func_36
3590,clang-branch-fulllto,0x2021d0,func_25|func_36
3894,clang-branch-baseline,0x201bc0,func_46|func_49
3894,clang-branch-thinlto,0x201bb0,func_46|func_49
3894,clang-branch-fulllto,0x201bb0,func_46|func_49
4019,clang-branch-baseline,0x202890,func_64|main
4019,clang-branch-thinlto,0x202830,func_64|main
4019,clang-branch-fulllto,0x2024a0,func_1|func_64
4037,clang-branch-thinlto,0x202680,func_45|main
4037,clang-branch-fulllto,0x202660,func_45|func_56
4054,clang-branch-baseline,0x201d00,func_21|main
4054,clang-branch-thinlto,0x201f10,func_21|main
4054,clang-branch-fulllto,0x201ef0,func_15|func_21
4065,clang-branch-baseline,0x201e10,func_42|func_56
4065,clang-branch-thinlto,0x201df0,func_42|func_56
4065,clang-branch-fulllto,0x202110,func_42|main
4092,clang-branch-baseline,0x201fe0,func_35|func_57
4092,clang-branch-thinlto,0x201fe0,func_35|func_57
4092,clang-branch-fulllto,0x201ed0,func_1|func_35
4098,clang-branch-baseline,0x201ea0,func_1|func_19
4098,clang-branch-thinlto,0x201ea0,func_1|func_19
4098,clang-branch-fulllto,0x201f10,func_1|func_19
4159,clang-branch-baseline,0x201f30,func_32|main
4159,clang-branch-thinlto,0x201f30,func_32|main
4159,clang-branch-fulllto,0x201de0,func_1|func_32
4163,clang-branch-baseline,0x202060,func_31|func_42
4163,clang-branch-thinlto,0x201fd0,func_31|func_42
4163,clang-branch-fulllto,0x201e50,func_31|func_42
4171,clang-branch-baseline,0x202960,func_32|main
4171,clang-branch-thinlto,0x202d00,func_32|main
4171,clang-branch-fulllto,0x202cf0,func_32|main
4685,clang-branch-baseline,0x2033e0,func_80|func_84
4685,clang-branch-thinlto,0x2033d0,func_80|func_84
4685,clang-branch-fulllto,0x203340,func_66|func_80
4769,clang-branch-baseline,0x202350,func_1|func_9
4769,clang-branch-thinlto,0x202350,func_1|func_9
4769,clang-branch-fulllto,0x202350,func_1|func_9
4800,clang-branch-baseline,0x2040c0,func_1|func_3
4800,clang-branch-thinlto,0x2040c0,func_1|func_3
4800,clang-branch-fulllto,0x2040b0,func_1|func_3
4807,clang-branch-baseline,0x201880,func_25|func_32
4807,clang-branch-thinlto,0x201880,func_25|func_32
4807,clang-branch-fulllto,0x201880,func_25|func_32
5056,clang-branch-baseline,0x201c00,func_41|main
5056,clang-branch-thinlto,0x201bd0,func_41|main
5056,clang-branch-fulllto,0x201bd0,func_41|main
5097,clang-branch-baseline,0x2029b0,func_25|func_38
5097,clang-branch-thinlto,0x2029c0,func_25|func_38
5097,clang-branch-fulllto,0x2029d0,func_25|func_50
5268,clang-branch-baseline,0x201ac0,func_13|func_53
5268,clang-branch-thinlto,0x201ac0,func_13|func_53
5268,clang-branch-fulllto,0x201af0,func_13|main
5394,clang-branch-baseline,0x202300,func_31|main
5394,clang-branch-thinlto,0x2022d0,func_31|main
5394,clang-branch-fulllto,0x202260,func_1|func_31
5506,clang-branch-baseline,0x201f30,func_1|func_14
5506,clang-branch-thinlto,0x201f30,func_1|func_14
5506,clang-branch-fulllto,0x201f20,func_1|func_14
5524,clang-branch-baseline,0x201980,func_13|main
5524,clang-branch-thinlto,0x201970,func_13|main
5524,clang-branch-fulllto,0x201960,func_13|main
5551,clang-branch-baseline,0x201c10,func_49|func_66
5551,clang-branch-thinlto,0x201c10,func_49|func_66
5551,clang-branch-fulllto,0x201c30,func_49|main
5600,clang-branch-thinlto,0x201900,func_1|func_15
5600,clang-branch-fulllto,0x2018f0,func_1|func_15
5615,clang-branch-baseline,0x202180,func_2|func_5
5615,clang-branch-thinlto,0x202190,func_2|func_5
5615,clang-branch-fulllto,0x202080,func_2|func_5
5658,clang-branch-baseline,0x2020d0,func_92|main
5658,clang-branch-thinlto,0x2020b0,func_92|main
5658,clang-branch-fulllto,0x201fc0,func_1|func_92
5668,clang-branch-baseline,0x202ab0,func_36|main
5668,clang-branch-thinlto,0x202a00,func_36|main
5668,clang-branch-fulllto,0x202a20,func_36|main
5979,clang-branch-baseline,0x2031b0,func_22|func_27
5979,clang-branch-thinlto,0x2030d0,func_22|func_27
5979,clang-branch-fulllto,0x203180,func_22|main
6091,clang-branch-baseline,0x2022d0,func_14|func_16
6091,clang-branch-thinlto,0x2022c0,func_14|func_16
6091,clang-branch-fulllto,0x202230,func_14|func_16
6132,clang-branch-baseline,0x201ec0,func_19|func_28
6132,clang-branch-thinlto,0x201ec0,func_19|func_28
6132,clang-branch-fulllto,0x202060,func_19|func_28
6135,clang-branch-baseline,0x201fa0,func_11|func_5
6135,clang-branch-thinlto,0x201fa0,func_11|func_5
6135,clang-branch-fulllto,0x201fb0,func_1|func_5
6143,clang-branch-baseline,0x201ef0,func_28|func_68
6143,clang-branch-thinlto,0x201f80,func_28|func_68
6143,clang-branch-fulllto,0x201f80,func_28|func_68
6229,clang-branch-baseline,0x203090,func_1|func_33
6229,clang-branch-thinlto,0x203070,func_1|func_33
6229,clang-branch-fulllto,0x203060,func_1|func_33
6257,clang-branch-baseline,0x2024f0,func_86|func_91
6257,clang-branch-thinlto,0x2024d0,func_86|func_91
6257,clang-branch-fulllto,0x2024d0,func_86|func_91
6410,clang-branch-baseline,0x202780,func_1|func_27
6410,clang-branch-thinlto,0x202740,func_1|func_27
6410,clang-branch-fulllto,0x202790,func_1|func_27
6495,clang-branch-baseline,0x202260,func_19|func_41
6495,clang-branch-thinlto,0x202220,func_19|func_41
6495,clang-branch-fulllto,0x2020e0,func_19|func_2
6504,clang-branch-baseline,0x201b70,func_44|func_8
6504,clang-branch-thinlto,0x201b70,func_44|func_8
6504,clang-branch-fulllto,0x201b80,func_8|main
6527,clang-branch-baseline,0x201c90,func_12|func_17
6527,clang-branch-thinlto,0x201c90,func_12|func_17
6527,clang-branch-fulllto,0x201c90,func_12|func_17
6528,clang-branch-baseline,0x201c80,func_10|func_5
6528,clang-branch-thinlto,0x201c70,func_10|func_5
6528,clang-branch-fulllto,0x201c00,func_16|func_5
6659,clang-branch-baseline,0x20a1c0,func_1|func_15
6659,clang-branch-thinlto,0x20a1e0,func_1|func_15
6659,clang-branch-fulllto,0x20a1e0,func_1|func_15
6728,clang-branch-baseline,0x201f80,func_1|func_35
6728,clang-branch-thinlto,0x201f80,func_1|func_35
6728,clang-branch-fulllto,0x201f70,func_1|func_35
6906,clang-branch-baseline,0x2030f0,func_32|func_48
6906,clang-branch-thinlto,0x202d70,func_32|func_48
6906,clang-branch-fulllto,0x202d60,func_32|func_48
6932,clang-branch-thinlto,0x201a30,func_1|func_2
6939,clang-branch-baseline,0x201d80,func_24|func_63
6939,clang-branch-thinlto,0x201d80,func_24|func_63
6939,clang-branch-fulllto,0x201d40,func_24|func_6
6983,clang-branch-baseline,0x202200,func_1|func_18
6983,clang-branch-thinlto,0x202200,func_1|func_18
6983,clang-branch-fulllto,0x2023b0,func_1|func_49
7091,clang-branch-baseline,0x201ce0,func_48|main
7091,clang-branch-thinlto,0x201ce0,func_48|main
7091,clang-branch-fulllto,0x201cd0,func_48|main
7138,clang-branch-baseline,0x201c40,func_1|func_5
7138,clang-branch-thinlto,0x201c40,func_1|func_5
7138,clang-branch-fulllto,0x201cc0,func_1|func_5
7160,clang-branch-baseline,0x201be0,func_19|func_32
7160,clang-branch-thinlto,0x201ac0,func_19|func_32
7160,clang-branch-fulllto,0x201a90,func_1|func_39
7160,clang-branch-fulllto,0x201ad0,func_19|func_7
7167,clang-branch-thinlto,0x201870,func_1|func_15
7167,clang-branch-fulllto,0x201870,func_1|func_18
7191,clang-branch-baseline,0x201c30,func_2|func_20
7191,clang-branch-thinlto,0x201c20,func_2|func_20
7191,clang-branch-fulllto,0x201bf0,func_2|func_20
7263,clang-branch-baseline,0x202d70,func_53|func_71
7263,clang-branch-thinlto,0x202d80,func_53|func_71
7263,clang-branch-fulllto,0x202d70,func_53|func_71
7319,clang-branch-baseline,0x202350,func_10|func_125
7319,clang-branch-thinlto,0x2022f0,func_10|func_125
7319,clang-branch-fulllto,0x2022d0,func_10|func_125
7376,clang-branch-baseline,0x201b50,func_1|func_7
7376,clang-branch-thinlto,0x201b50,func_1|func_7
7376,clang-branch-fulllto,0x201b40,func_1|func_36
7472,clang-branch-baseline,0x202190,func_32|func_42
7472,clang-branch-thinlto,0x201e30,func_32|func_42
7472,clang-branch-fulllto,0x201e20,func_32|func_42
7476,clang-branch-baseline,0x205190,func_23|func_27
7476,clang-branch-thinlto,0x2045e0,func_23|func_27
7476,clang-branch-fulllto,0x2048e0,func_23|main
7532,clang-branch-baseline,0x201c00,func_63|main
7532,clang-branch-thinlto,0x201c00,func_63|main
7532,clang-branch-fulllto,0x201bb0,func_1|func_63
7607,clang-branch-baseline,0x202430,func_36|func_44
7607,clang-branch-thinlto,0x202430,func_36|func_44
7607,clang-branch-fulllto,0x202620,func_36|main
7716,clang-branch-baseline,0x202060,func_14|func_63
7716,clang-branch-thinlto,0x202050,func_14|func_63
7716,clang-branch-fulllto,0x202040,func_14|func_63
7939,clang-branch-baseline,0x201fd0,func_40|func_46
7939,clang-branch-thinlto,0x201f50,func_40|func_46
7939,clang-branch-fulllto,0x201ee0,func_40|func_6
7984,clang-branch-baseline,0x201aa0,func_17|func_3
7984,clang-branch-thinlto,0x201aa0,func_17|func_3
7984,clang-branch-fulllto,0x201a90,func_17|func_3
8029,clang-branch-baseline,0x201da0,func_17|func_20
8029,clang-branch-thinlto,0x201db0,func_17|func_20
8029,clang-branch-fulllto,0x201df0,func_17|main
8098,clang-branch-baseline,0x202330,func_11|func_19
8098,clang-branch-thinlto,0x202330,func_11|func_19
8098,clang-branch-fulllto,0x202330,func_11|func_19
8258,clang-branch-baseline,0x201af0,func_24|main
8258,clang-branch-thinlto,0x201af0,func_24|main
8258,clang-branch-fulllto,0x201ae0,func_24|main
8284,clang-branch-fulllto,0x201910,func_1|func_22
8284,clang-branch-fulllto,0x201920,func_18|func_5
8392,clang-branch-baseline,0x202190,func_1|func_9
8392,clang-branch-thinlto,0x202190,func_1|func_9
8392,clang-branch-fulllto,0x2021a0,func_1|func_24
8675,clang-branch-baseline,0x202380,func_46|func_51
8675,clang-branch-thinlto,0x202370,func_46|func_51
8675,clang-branch-fulllto,0x202440,func_46|main
8733,clang-branch-baseline,0x202bc0,func_12|func_19
8733,clang-branch-thinlto,0x202bb0,func_12|func_19
8733,clang-branch-fulllto,0x201940,func_12|func_7
8757,clang-branch-baseline,0x203140,func_11|func_2
8757,clang-branch-thinlto,0x203130,func_11|func_2
8757,clang-branch-fulllto,0x2034f0,func_2|main
8761,clang-branch-baseline,0x201f50,func_58|main
8761,clang-branch-thinlto,0x201e60,func_58|main
8761,clang-branch-fulllto,0x201df0,func_1|func_58
8836,clang-branch-baseline,0x202120,func_81|main
8836,clang-branch-thinlto,0x202120,func_81|main
8836,clang-branch-fulllto,0x2020a0,func_24|func_81
8987,clang-branch-baseline,0x201f70,func_15|func_17
8987,clang-branch-thinlto,0x201f70,func_15|func_17
8987,clang-branch-fulllto,0x201f80,func_15|func_23
9122,clang-branch-baseline,0x202490,func_46|func_53
9122,clang-branch-thinlto,0x202680,func_46|func_53
9122,clang-branch-fulllto,0x2026a0,func_46|main
9192,clang-branch-baseline,0x2030f0,func_1|func_48
9192,clang-branch-thinlto,0x2030e0,func_1|func_48
9192,clang-branch-fulllto,0x203130,func_1|func_48
9232,clang-branch-baseline,0x201c30,func_14|func_3
9232,clang-branch-thinlto,0x201c30,func_14|func_3
9232,clang-branch-fulllto,0x201f30,func_14|func_3
9244,clang-branch-baseline,0x201850,func_65|main
9244,clang-branch-thinlto,0x201850,func_65|main
9244,clang-branch-fulllto,0x201840,func_65|main
9251,clang-branch-thinlto,0x2024a0,func_17|func_5
9251,clang-branch-fulllto,0x202220,func_17|func_5
9256,clang-branch-baseline,0x202530,func_33|func_46
9256,clang-branch-thinlto,0x202530,func_33|func_46
9256,clang-branch-fulllto,0x202530,func_33|func_46
9280,clang-branch-baseline,0x201dc0,func_15|func_2
9280,clang-branch-thinlto,0x201db0,func_15|func_2
9280,clang-branch-fulllto,0x201e00,func_2|func_20
9339,clang-branch-baseline,0x2020a0,func_1|func_12
9339,clang-branch-thinlto,0x2020a0,func_1|func_12
9339,clang-branch-fulllto,0x2020a0,func_1|func_12
9386,clang-branch-baseline,0x202300,func_1|func_9
9386,clang-branch-thinlto,0x2022e0,func_1|func_9
9386,clang-branch-fulllto,0x2022e0,func_1|func_9
9394,clang-branch-fulllto,0x201840,func_20|func_49
9507,clang-branch-baseline,0x201d50,func_10|func_17
9507,clang-branch-thinlto,0x201d50,func_10|func_17
9507,clang-branch-fulllto,0x201bc0,func_10|func_35
9588,clang-branch-baseline,0x202a00,func_46|func_52
9588,clang-branch-thinlto,0x202a00,func_46|func_52
9588,clang-branch-fulllto,0x202a00,func_46|func_52
9648,clang-branch-baseline,0x2021a0,func_25|main
9648,clang-branch-thinlto,0x202190,func_25|main
9648,clang-branch-fulllto,0x202190,func_25|main
9683,clang-branch-baseline,0x203870,func_29|func_36
9683,clang-branch-thinlto,0x203860,func_29|func_36
9683,clang-branch-fulllto,0x2035b0,func_29|func_53
9742,clang-branch-thinlto,0x202740,func_51|main
9768,clang-branch-baseline,0x202510,func_37|func_42
9768,clang-branch-thinlto,0x202510,func_37|func_42
9768,clang-branch-fulllto,0x202550,func_37|main
9851,clang-branch-baseline,0x202bb0,func_41|func_52
9851,clang-branch-thinlto,0x2028d0,func_41|func_52
9851,clang-branch-fulllto,0x202970,func_41|main
9929,clang-branch-baseline,0x2021a0,func_54|func_57
9929,clang-branch-thinlto,0x202180,func_54|func_57
9929,clang-branch-fulllto,0x202190,func_54|main
